ship3board, water, ship1board, water, water, water, water, water, water
ship3board, water, ship1board, water, water, ship4board, water, ship0board, water
ship3board, water, water, water, water, ship4board, water, water, water
ship3board, water, water, water, water, ship4board, water, ship2board, water
water, water, water, water, water, ship4board, water, ship2board, water
water, water, water, water, water, ship4board, water, ship2board, water
water, water, water, water, water, water, water, water, water
water, water, water, water, water, water, water, water, water
water, water, water, water, water, water, water, water, water
