water, water, water, water, water, water, ship3board, water, water
water, water, water, water, water, water, ship3board, water, water
water, water, water, ship1board, water, water, ship3board, water, water
water, water, water, ship1board, water, water, ship3board, water, ship4board
water, water, water, water, water, ship2board, water, ship0board, ship4board
water, water, water, water, water, ship2board, water, water, ship4board
water, water, water, water, water, ship2board, water, water, ship4board
water, water, water, water, water, water, water, water, ship4board
water, water, water, water, water, water, water, water, water
